name,category
SOZO SUSHI,Dining
LES TROPIQUES,Dining
LS Ambrose House and C,Dining
WALMART.CA,Groceries
GYMSHARK,Shopping
UBER CANADA/UBEREATS,Dining
SECURITY NATIONAL INSU,Insurance
SAQ23345 GALERIES DU PAR,Groceries
MARCHE EDEN,Groceries
CALISTHENICS GYM MTL,Subscriptions
UBER CANADA/UBERTRIP,Transport
Amazon.ca*UZ8D61PI3,Groceries
PHARMAPRIX #0029,Health
CHAUSSURE RAPHAEL,Shopping
UBER CANADA/UBERTRIP,Transport
STM PEEL DIO101/123431,Transport
WWW.ENSOYOGA.COM,Subscriptions
AMZN Mktp CA*117MI3EO3,Shopping
WWW.ENSOYOGA.COM,Subscriptions
CAFE PARVIS,Dining
MELK STANLEY,Dining
SP CAFE DRIVE BY,Dining
UN INSTANT EN PROVENCE,Dining
Ginos Negroni Et Lasa,Dining
STM PEEL DIO101/157183,Transport
LE GARDEN ROOM,Dining
VACHE GLACEE,Dining
LS EVA St Henri,Dining
CAFE LE NIGIRIZ,Dining
CAFE LE NIGIRIZ,Dining
SP DE STIIL,Shopping
EPLV - BILLETTERIE JAR,Entertainment
CAFE LE NIGIRIZ,Dining
ICHIGO ICHIE,Dining
STM PEEL DIO101/327922,Transport
WWW.ENSOYOGA.COM,Subscriptions
SQ *STUDIO JENJEN,Beauty
CAFE LE NIGIRIZ,Dining
PHARMAPRIX #0029,Health
ARITZIA ST CATHERINE 1,Shopping
STM LIONEL GROUL DIN10,Transport
Savsav,Dining
STM PEEL DIO101/261830,Transport
STM LIONEL GROUL DAN101,Transport
EPLV - BILLETERIE WEB,Entertainment
CAFE LE NIGIRIZ,Dining
ICONO GLACE,Dining
POLE AND AERIAL SCHOOL,Subscriptions
POLE AND AERIAL SCHOOL,Subscriptions
LS Sandwicherie Sue -,Dining
STM MONT ROYAL N102,Transport
WALMART.CA,Groceries
LS Marusan Canada Inc,Dining
LS Marusan Canada Inc,Dining
MST,Others
MAISON SAUVAGE CAFE,Dining
LIBRAIRIE DRAWN & QUAR,Shopping
STM LOGE ST LAURENT N101,Transport
LA BANQUISE,Dining
CAFE REDWOOD,Dining
WALMART.CA,Groceries
STM LIONEL GROUL DIN10,Transport
STM LOGE PEEL O101,Transport
STM MCGILL DAO101,Transport
MCGILL ATHLETICS RECR,Subscriptions
SQ *CYBER VINTAGE,Shopping
PHARMAPRIX #1937,Health
PHARMAPRIX #1937,Health
Dynamite,Shopping
HM CA0012,Shopping
LS Ambrose House and C,Dining
STM SAINT LAUREN DIN10,Transport
AMZN Mktp CA*0Q6DK4VV3,Shopping
MARCELLA,Dining
UBER CANADA/UBERTRIP,Transport
AMZN Mktp CA*AK2W807K3,Shopping
WALMART.CA,Groceries
CAFE LE NIGIRIZ,Dining
AIR CAN* 0144291447449,Dining
CPA - PAY MACHINE,Transport
SQ *BONO COFFEE STEPHEN A,Dining
SQ *HIDDEN CORNER,Dining
CALGARY TRANSIT,Transport
BIG FOUR ROADHOUSE,Dining
CALGARY TRANSIT,Transport
CALGARY TRANSIT,Transport
BIG FOUR ROADHOUSE,Dining
TST-Neighbour Coffee,Dining
CALGARY TRANSIT,Transport
SQ *NORTH AMERICAN MIDWAY,Dining
CALGARY TRANSIT,Transport
LIQUOR DROPS,Dining
TST-Neighbour Coffee,Dining
CALGARY TRANSIT,Transport
CALGARY TRANSIT,Transport
WESTSIDE RECREATION CENTR,Subscriptions
17TH AVE THRIFT,Shopping
REAL CDN SUPERSTORE #1,Groceries
CPA - PAY MACHINE,Transport
SQ *NIKNAT CONCESSIONS,Dining
CALGARY TRANSIT,Transport
AMZN Mktp CA*N388B6630,Shopping
CALGARY TRANSIT,Transport
CAFFE LEVANT,Dining
VALUE VILLAGE #2185,Shopping
WESTSIDE RECREATION CENTR,Subscriptions
KIN SUSHI,Dining
PARK INDIGO - CAL RESE,Transport
IKEA CALGARY,Shopping
CHUCK-N-SHOULDER,Dining
MARGARITA'S DISHES,Dining
GWLTDT INC.,Shopping
PORCH KITCHEN & COCKTAILS,Dining
HELLO VINTAGE INGLEWOO,Shopping
CPA - PAY MACHINE,Transport
BURRITO MEXICAN FOOD,Dining
CALGARY TRANSIT,Transport
SQ *TIKKA N TEQUILA - 175,Dining
CALGARY TRANSIT,Transport
SQ *CONFETTI CONCESSIONS,Dining
MCDONALD'S #291 _M,Dining
UBER* PENDING _V,Transport
E-TRANSFER ***F87,Others
E-TRANSFER ***rjD,Others
FESTIVAL ALOHA _M,Dining
SQ *DEVILLE COFFEE DISTRI,Dining
STM LOGE PEEL O _M,Transport
IGA #8222 _M,Groceries
UBER CANADA/UBE _V,Transport
E-TRANSFER ***sH3,Others
Subway 24494 _M,Dining
SQ *FOLK TALE,Beauty
REAL CDN SUPERSTORE #1,Groceries
WESTSIDE RECREATION CENTR,Subscriptions
CPA - PAY MACHINE,Transport
PARK INDIGO - CAL RESE,Transport
MOBIL@ - 1777,Transport
SQ *MONOGRAM ALTADORE,Dining
CALG CO-OP GROCERY #6,Groceries
JW103 TFR-FR 6587165,Others
SEND E-TFR ***MgZ,Others
BIXI Montreal _V,Transport
BIXI Montreal _V,Transport
ARITZIA MARKET MALL 10,Shopping
Amazon.ca*NQ0TW3EB0,Shopping
BLUSH LANE - ASPEN,Groceries
Lovisa,Shopping
SEPHORA MARKET MALL,Shopping
SUNTERRA MARKET,Groceries
WESTSIDE RECREATION CENTR,Subscriptions
COINAMATIC _V,Bills
IW525 TFR-FR 6587165,Others
BIXI Montreal _V,Transport
BIXI Montreal _V,Transport
BloomBites COMM _V,Dining
SEND E-TFR ***KWv,Others
HC095 TFR-TO 6587165,Others
LULULEMONCOM* _V,Shopping
SEND E-TFR ***Tdw,Others
SEND E-TFR ***v6q,Others
HB253 TFR-TO 6587165,Others
E-TRANSFER ***tpW,Others
HC093 TFR-TO 6587165,Others
REAL CDN SUPERSTORE #1,Groceries
MYCREDSMESCERTIF,Others
BIXI Montreal _V,Transport
BATH BODY WOR _M,Shopping
*RFBT-MONTREAL _M,Others
Square One Coffee,Dining
CHOCOLATS FAVOR _M,Dining
APPLE.COM/BILL _V,Subscriptions
SQ *BOXCAR COFFEE SHOP,Dining
GOOGLE *Go 2.33_V,Subscriptions
STM LOGE PEEL O _M,Transport
DOLLARAMA # 314 _M,Shopping
E-TRANSFER ***wk8,Others
bathandbodywork _V,Shopping
49 MILE MARKET ST2031,Dining
UBER* TRIP _V,Transport
PAYPAL*CAMARA A _V,Others
STM LOGE PEEL O _M,Transport
UBER* TR REV 06/16_V,Transport
COINAMATIC _V,Bills
LW052 TFR-FR 6587165,Transport
STM LOGE PEEL O _M,Transport
UBER* PENDING _V,Transport
SEND E-TFR ***U5y,Others
QING HUA DUMPLI _F,Dining
DOLLARAMA # 410 _F,Shopping
PHARMAPRIX 42 _M,Shopping
STM LOGE PEEL O _M,Transport
SEND E-TFR ***SBz,Others
E-TRANSFER ***Ttx,Others
JJ440 TFR-TO 6587165,Others
STM LOGE CREMAZ _M,Transport
E-TRANSFER ***MnR,Others
SEND E-TFR ***ugx,Others
SEND E-TFR ***5KZ,Others
STM LOGE PEEL O _M,Transport
UBER* EATS _V,Groceries
UBER* EA REV 06/10_V,Groceries
KEG PLACE VILLE _M,Dining
SEND E-TFR ***buh,Others
HU424 TFR-FR 6587165,Others
DD _V,Groceries
UBER CANADA/UBE _V,Transport
E-TRANSFER ***dyn,Others
UBER* EATS PEND _V,Groceries
UBER CANADA/UBE _V,Transport
STM LOGE NAMUR _M,Transport
E-TRANSFER ***2QB,Others
DD/DOORDASHPCEX _V,Shopping
STM LM MONTMORE _M,Transport
TICKETS.CA- BIL _V,Entertainment
LA FABRIQUE DU _M,Dining
UNHCR MSP,Others
SEND E-TFR ***HJz,Others
KAEDO SUSHI _M,Dining
IO590 TFR-TO 6587165,Others
WWW.AIRECO* AIR _V,Entertainment
LS Marusan Cana _M,Dining
WENDYS 6761 _M,Dining
PROVI-SOIR 5100 _M,Groceries
E-TRANSFER ***CEF,Others
NAYAX CANADA IN _M,Others
PROVIGO GUILLAU _M,Groceries
Guess? Canada C _V,Shopping
E-TRANSFER ***KgZ,Others
TIM HORTONS #25 _M,Dining
VIDEOTRON LTEE _V,Bills
DOLLARAMA #1049 _M,Shopping
*RFBT-MONTREAL _M,Dining
MCDONALD'S #400 _M,Dining
SEND E-TFR ***jPu,Others
E-TRANSFER ***s7B,Others
RESTAURANT WILL _M,Dining
BEN AND JERRYS _F,Dining
STM LOGE BERRI _F,Transport
BOUSTAN MCGILL _M,Dining
UBER CANADA _V,Transport
UBER CANADA/UBE _V,Transport
MELK SUN LIFE _M,Dining
APPLE.COM/BILL _V,Subscriptions
LITTLE BURGUNDY _V,Shopping
E-TRANSFER ***vGY,Others
GOOGLE *Go 2.33_V,Subscriptions
Subway 24494 _M,Dining
HM Hennes Maur _V,Shopping
Subway 24494 _M,Dining
UBER CANADA/UBE _V,Transport
E-TRANSFER ***z6P,Others
UBER CANADA/UBE _V,Transport
E-TRANSFER ***tSB,Others
SEND E-TFR ***Bpq,Others
UBER * PEN 1.50_V,Transport
COINAMATIC _V,Bills
SEND E-TFR ***n3d,Others
LE 30 FEVRIER I _M,DIning
SEND E-TFR ***mEm,Others
JI174 TFR-TO 6587165,Others
E-TRANSFER ***V7D,Others
TICKETMASTER CA _V,Entertainment
STM LOGE SAUVE _M,Transport
BOUSTAN MCGILL _M,DIning
Dynamite / Gara _V,Shopping
Dynamite / Gara _V,Shopping
LEVI'S #423 _M,Shopping
BOUSTAN MCGILL _M,Dining
Dynamite / Gara _V,Shopping
LEVI CANADA _V,Shopping
*RFBT-MONTREAL _M,Others
Dynamite / Gara _V,Shopping
Dynamite / Gara _V,Shopping
FAMOUS PLAYER # _M,Entertainment
FAMOUS PLAYER # _M,Entertainment
HM Hennes Maur _V,Shopping
HOLLISTER _V,Shopping
Dynamite / Gara _V,Shopping
Dynamite REV 05/07_V,Shopping
Dynamite / Gara _V,Shopping
STM LOGE ASSOMP _M,Transport
SEND E-TFR ***bXw,Others
LEVI CANADA _V,Shopping
E-TRANSFER ***mA5,Others
E-TRANSFER ***wkt,Others
SEND E-TFR ***nwD,Others
WT201 TFR-FR 6587165,Others
MOBILE DEPOSIT,Others
SEND E-TFR ***3ur,Others
LEAVES HOUSE MC _M,Dining
E-TRANSFER ***Ktn,Others
WWW.AIRECO* AIR _V,Entertainment
TOMMY CAFE CATH _M,Dining
LU052 TFR-FR 6587165,Others
LS Five Guys Pe _M,Dining
OCCASIA _V,Others
CHRONO-RECHARGE _V,Transport
LS Cacao 70 Par _M,Dining
BOUSTAN MCGILL _M,Dining
PRODUITS DE BEA _M,Groceries
EPLV - BILLETTE _M,Entertainment
STM LOGE PEEL O _M,Transport
VIDEOTRON LTEE _V,Bills
Hydro Quebec,Bills
Internet bill,Bills
Bell Canada phone bill,Bills
Bell Canada phone bill,Bills
Bell Canada phone bill,Bills
Water utility payment,Bills
Water utility payment,Bills
Bell Canada phone bill,Bills
Bell Canada phone bill,Bills
Bell Canada phone bill,Bills
Bell Canada phone bill,Bills
Bell Canada phone bill,Bills
Hydro Quebec,Bills
Water utility payment,Bills
Electricity bill,Bills
Water utility payment,Bills
Bell Canada phone bill,Bills
Electricity bill,Bills
Water utility payment,Bills
Hydro Quebec,Bills
Water utility payment,Bills
Water utility payment,Bills
Hydro Quebec,Bills
Internet bill,Bills
Water utility payment,Bills
Bell Canada phone bill,Bills
Electricity bill,Bills
Hydro Quebec,Bills
Electricity bill,Bills
Hydro Quebec,Bills
Electricity bill,Bills
Hydro Quebec,Bills
Hydro Quebec,Bills
Hydro Quebec,Bills
Water utility payment,Bills
Electricity bill,Bills
Electricity bill,Bills
Bell Canada phone bill,Bills
Internet bill,Bills
Electricity bill,Bills
Electricity bill,Bills
Electricity bill,Bills
Water utility payment,Bills
Bell Canada phone bill,Bills
Bell Canada phone bill,Bills
Internet bill,Bills
Hydro Quebec,Bills
Internet bill,Bills
Water utility payment,Bills
Water utility payment,Bills
Bell Canada phone bill,Bills
Internet bill,Bills
Hydro Quebec,Bills
Hydro Quebec,Bills
Electricity bill,Bills
Water utility payment,Bills
Hydro Quebec,Bills
Internet bill,Bills
Water utility payment,Bills
Bell Canada phone bill,Bills
Bell Canada phone bill,Bills
Bell Canada phone bill,Bills
Internet bill,Bills
Electricity bill,Bills
Hydro Quebec,Bills
Bell Canada phone bill,Bills
Water utility payment,Bills
Internet bill,Bills
Hydro Quebec,Bills
Bell Canada phone bill,Bills
Electricity bill,Bills
Bell Canada phone bill,Bills
Internet bill,Bills
Internet bill,Bills
Electricity bill,Bills
Internet bill,Bills
Electricity bill,Bills
Water utility payment,Bills
Bell Canada phone bill,Bills
Internet bill,Bills
Hydro Quebec,Bills
Internet bill,Bills
Hydro Quebec,Bills
Bell Canada phone bill,Bills
Hydro Quebec,Bills
Internet bill,Bills
Bell Canada phone bill,Bills
Bell Canada phone bill,Bills
Internet bill,Bills
Hydro Quebec,Bills
Electricity bill,Bills
Water utility payment,Bills
Hydro Quebec,Bills
Bell Canada phone bill,Bills
Water utility payment,Bills
Bell Canada phone bill,Bills
Water utility payment,Bills
Bell Canada phone bill,Bills
Water utility payment,Bills
Bell Canada phone bill,Bills
Concert ticket,Entertainment
Disney+ subscription,Entertainment
Concert ticket,Entertainment
Movie theater ticket,Entertainment
Spotify premium,Entertainment
Video game purchase,Entertainment
Video game purchase,Entertainment
Video game purchase,Entertainment
Concert ticket,Entertainment
Video game purchase,Entertainment
Concert ticket,Entertainment
Concert ticket,Entertainment
Disney+ subscription,Entertainment
Video game purchase,Entertainment
Disney+ subscription,Entertainment
Concert ticket,Entertainment
Video game purchase,Entertainment
Disney+ subscription,Entertainment
Video game purchase,Entertainment
Movie theater ticket,Entertainment
Spotify premium,Entertainment
Video game purchase,Entertainment
Movie theater ticket,Entertainment
Disney+ subscription,Entertainment
Video game purchase,Entertainment
Concert ticket,Entertainment
Spotify premium,Entertainment
Spotify premium,Entertainment
Video game purchase,Entertainment
Disney+ subscription,Entertainment
Spotify premium,Entertainment
Video game purchase,Entertainment
Concert ticket,Entertainment
Concert ticket,Entertainment
Video game purchase,Entertainment
Video game purchase,Entertainment
Spotify premium,Entertainment
Disney+ subscription,Entertainment
Disney+ subscription,Entertainment
Disney+ subscription,Entertainment
Disney+ subscription,Entertainment
Concert ticket,Entertainment
Video game purchase,Entertainment
Disney+ subscription,Entertainment
Video game purchase,Entertainment
Movie theater ticket,Entertainment
Movie theater ticket,Entertainment
Movie theater ticket,Entertainment
Movie theater ticket,Entertainment
Video game purchase,Entertainment
Concert ticket,Entertainment
Movie theater ticket,Entertainment
Concert ticket,Entertainment
Spotify premium,Entertainment
Spotify premium,Entertainment
Video game purchase,Entertainment
Movie theater ticket,Entertainment
Concert ticket,Entertainment
Disney+ subscription,Entertainment
Concert ticket,Entertainment
Movie theater ticket,Entertainment
Disney+ subscription,Entertainment
Movie theater ticket,Entertainment
Video game purchase,Entertainment
Movie theater ticket,Entertainment
Concert ticket,Entertainment
Movie theater ticket,Entertainment
Disney+ subscription,Entertainment
Concert ticket,Entertainment
Spotify premium,Entertainment
Video game purchase,Entertainment
Spotify premium,Entertainment
Spotify premium,Entertainment
Video game purchase,Entertainment
Disney+ subscription,Entertainment
Movie theater ticket,Entertainment
Disney+ subscription,Entertainment
Movie theater ticket,Entertainment
Movie theater ticket,Entertainment
Movie theater ticket,Entertainment
Video game purchase,Entertainment
Movie theater ticket,Entertainment
Movie theater ticket,Entertainment
Video game purchase,Entertainment
Spotify premium,Entertainment
Concert ticket,Entertainment
Disney+ subscription,Entertainment
Concert ticket,Entertainment
Movie theater ticket,Entertainment
Video game purchase,Entertainment
Disney+ subscription,Entertainment
Video game purchase,Entertainment
Video game purchase,Entertainment
Video game purchase,Entertainment
Spotify premium,Entertainment
Video game purchase,Entertainment
Disney+ subscription,Entertainment
Disney+ subscription,Entertainment
Disney+ subscription,Entertainment
Video game purchase,Entertainment
IGA supermarket,Groceries
Walmart groceries,Groceries
Farmers market,Groceries
Metro grocery,Groceries
Metro grocery,Groceries
Costco food,Groceries
Farmers market,Groceries
Costco food,Groceries
Farmers market,Groceries
IGA supermarket,Groceries
IGA supermarket,Groceries
Costco food,Groceries
IGA supermarket,Groceries
Farmers market,Groceries
Metro grocery,Groceries
Costco food,Groceries
Walmart groceries,Groceries
Costco food,Groceries
Farmers market,Groceries
Metro grocery,Groceries
Farmers market,Groceries
Walmart groceries,Groceries
Metro grocery,Groceries
Walmart groceries,Groceries
IGA supermarket,Groceries
IGA supermarket,Groceries
Farmers market,Groceries
Farmers market,Groceries
Costco food,Groceries
Farmers market,Groceries
Farmers market,Groceries
Walmart groceries,Groceries
Costco food,Groceries
Metro grocery,Groceries
Farmers market,Groceries
Walmart groceries,Groceries
Farmers market,Groceries
Costco food,Groceries
Walmart groceries,Groceries
Farmers market,Groceries
Farmers market,Groceries
Costco food,Groceries
IGA supermarket,Groceries
Farmers market,Groceries
Metro grocery,Groceries
Walmart groceries,Groceries
Costco food,Groceries
Costco food,Groceries
Costco food,Groceries
Metro grocery,Groceries
Farmers market,Groceries
Costco food,Groceries
Farmers market,Groceries
IGA supermarket,Groceries
IGA supermarket,Groceries
Costco food,Groceries
IGA supermarket,Groceries
IGA supermarket,Groceries
Costco food,Groceries
Farmers market,Groceries
IGA supermarket,Groceries
Walmart groceries,Groceries
Metro grocery,Groceries
Costco food,Groceries
Metro grocery,Groceries
Farmers market,Groceries
Walmart groceries,Groceries
Farmers market,Groceries
Farmers market,Groceries
Costco food,Groceries
Metro grocery,Groceries
Walmart groceries,Groceries
IGA supermarket,Groceries
IGA supermarket,Groceries
Metro grocery,Groceries
Metro grocery,Groceries
IGA supermarket,Groceries
Metro grocery,Groceries
Farmers market,Groceries
Metro grocery,Groceries
Farmers market,Groceries
Farmers market,Groceries
Walmart groceries,Groceries
Farmers market,Groceries
IGA supermarket,Groceries
IGA supermarket,Groceries
IGA supermarket,Groceries
Farmers market,Groceries
Costco food,Groceries
Metro grocery,Groceries
Walmart groceries,Groceries
Farmers market,Groceries
Walmart groceries,Groceries
Walmart groceries,Groceries
Farmers market,Groceries
Costco food,Groceries
Walmart groceries,Groceries
Metro grocery,Groceries
Metro grocery,Groceries
Metro grocery,Groceries
Car insurance premium,Insurance
Life insurance bill,Insurance
Travel insurance fee,Insurance
Car insurance premium,Insurance
Life insurance bill,Insurance
Life insurance bill,Insurance
Travel insurance fee,Insurance
Home insurance payment,Insurance
Home insurance payment,Insurance
Health insurance coverage,Insurance
Home insurance payment,Insurance
Home insurance payment,Insurance
Car insurance premium,Insurance
Health insurance coverage,Insurance
Car insurance premium,Insurance
Car insurance premium,Insurance
Travel insurance fee,Insurance
Home insurance payment,Insurance
Travel insurance fee,Insurance
Life insurance bill,Insurance
Health insurance coverage,Insurance
Travel insurance fee,Insurance
Health insurance coverage,Insurance
Life insurance bill,Insurance
Life insurance bill,Insurance
Travel insurance fee,Insurance
Travel insurance fee,Insurance
Car insurance premium,Insurance
Life insurance bill,Insurance
Home insurance payment,Insurance
Car insurance premium,Insurance
Travel insurance fee,Insurance
Travel insurance fee,Insurance
Life insurance bill,Insurance
Home insurance payment,Insurance
Home insurance payment,Insurance
Car insurance premium,Insurance
Life insurance bill,Insurance
Travel insurance fee,Insurance
Life insurance bill,Insurance
Home insurance payment,Insurance
Home insurance payment,Insurance
Health insurance coverage,Insurance
Car insurance premium,Insurance
Car insurance premium,Insurance
Travel insurance fee,Insurance
Travel insurance fee,Insurance
Health insurance coverage,Insurance
Travel insurance fee,Insurance
Health insurance coverage,Insurance
Car insurance premium,Insurance
Travel insurance fee,Insurance
Home insurance payment,Insurance
Travel insurance fee,Insurance
Travel insurance fee,Insurance
Life insurance bill,Insurance
Health insurance coverage,Insurance
Health insurance coverage,Insurance
Car insurance premium,Insurance
Home insurance payment,Insurance
Life insurance bill,Insurance
Life insurance bill,Insurance
Health insurance coverage,Insurance
Travel insurance fee,Insurance
Home insurance payment,Insurance
Life insurance bill,Insurance
Home insurance payment,Insurance
Health insurance coverage,Insurance
Life insurance bill,Insurance
Life insurance bill,Insurance
Life insurance bill,Insurance
Car insurance premium,Insurance
Home insurance payment,Insurance
Health insurance coverage,Insurance
Life insurance bill,Insurance
Travel insurance fee,Insurance
Home insurance payment,Insurance
Life insurance bill,Insurance
Life insurance bill,Insurance
Home insurance payment,Insurance
Car insurance premium,Insurance
Travel insurance fee,Insurance
Life insurance bill,Insurance
Health insurance coverage,Insurance
Health insurance coverage,Insurance
Car insurance premium,Insurance
Home insurance payment,Insurance
Car insurance premium,Insurance
Health insurance coverage,Insurance
Travel insurance fee,Insurance
Car insurance premium,Insurance
Travel insurance fee,Insurance
Home insurance payment,Insurance
Home insurance payment,Insurance
Home insurance payment,Insurance
Travel insurance fee,Insurance
Home insurance payment,Insurance
Car insurance premium,Insurance
Life insurance bill,Insurance
Life insurance bill,Insurance
Amazon Prime membership,Subscriptions
Apple Music,Subscriptions
HBO Max,Subscriptions
Netflix subscription,Subscriptions
HBO Max,Subscriptions
Netflix subscription,Subscriptions
HBO Max,Subscriptions
Apple Music,Subscriptions
Netflix subscription,Subscriptions
Netflix subscription,Subscriptions
Netflix subscription,Subscriptions
Apple Music,Subscriptions
Amazon Prime membership,Subscriptions
Amazon Prime membership,Subscriptions
Amazon Prime membership,Subscriptions
Amazon Prime membership,Subscriptions
YouTube Premium,Subscriptions
YouTube Premium,Subscriptions
Amazon Prime membership,Subscriptions
Apple Music,Subscriptions
Apple Music,Subscriptions
Netflix subscription,Subscriptions
Netflix subscription,Subscriptions
YouTube Premium,Subscriptions
HBO Max,Subscriptions
Netflix subscription,Subscriptions
Amazon Prime membership,Subscriptions
Apple Music,Subscriptions
HBO Max,Subscriptions
Apple Music,Subscriptions
YouTube Premium,Subscriptions
Amazon Prime membership,Subscriptions
Amazon Prime membership,Subscriptions
HBO Max,Subscriptions
Netflix subscription,Subscriptions
Netflix subscription,Subscriptions
HBO Max,Subscriptions
Apple Music,Subscriptions
Netflix subscription,Subscriptions
Netflix subscription,Subscriptions
Netflix subscription,Subscriptions
HBO Max,Subscriptions
Netflix subscription,Subscriptions
YouTube Premium,Subscriptions
Apple Music,Subscriptions
Apple Music,Subscriptions
Amazon Prime membership,Subscriptions
Amazon Prime membership,Subscriptions
Netflix subscription,Subscriptions
Apple Music,Subscriptions
Amazon Prime membership,Subscriptions
Apple Music,Subscriptions
Amazon Prime membership,Subscriptions
YouTube Premium,Subscriptions
Apple Music,Subscriptions
Netflix subscription,Subscriptions
Apple Music,Subscriptions
Netflix subscription,Subscriptions
Amazon Prime membership,Subscriptions
HBO Max,Subscriptions
Amazon Prime membership,Subscriptions
Apple Music,Subscriptions
HBO Max,Subscriptions
YouTube Premium,Subscriptions
YouTube Premium,Subscriptions
YouTube Premium,Subscriptions
Apple Music,Subscriptions
Apple Music,Subscriptions
Netflix subscription,Subscriptions
HBO Max,Subscriptions
Apple Music,Subscriptions
HBO Max,Subscriptions
YouTube Premium,Subscriptions
Amazon Prime membership,Subscriptions
Netflix subscription,Subscriptions
YouTube Premium,Subscriptions
Netflix subscription,Subscriptions
HBO Max,Subscriptions
HBO Max,Subscriptions
HBO Max,Subscriptions
Netflix subscription,Subscriptions
Amazon Prime membership,Subscriptions
HBO Max,Subscriptions
HBO Max,Subscriptions
Apple Music,Subscriptions
Netflix subscription,Subscriptions
Amazon Prime membership,Subscriptions
Apple Music,Subscriptions
Amazon Prime membership,Subscriptions
Amazon Prime membership,Subscriptions
Netflix subscription,Subscriptions
Apple Music,Subscriptions
YouTube Premium,Subscriptions
Netflix subscription,Subscriptions
YouTube Premium,Subscriptions
YouTube Premium,Subscriptions
Amazon Prime membership,Subscriptions
Amazon Prime membership,Subscriptions
Amazon Prime membership,Subscriptions
Amazon Prime membership,Subscriptions
